Group,Percent
mNGS,0.970283632
mNGS,0.590565335
mNGS,0.9636
mtNGS,0.832687059
mtNGS,0.284642297
mtNGS,0.6651